unidade;ano;mes;cond_adquirida;altas_validas;tx_cond_adquirida
HAC;2019;5;8;238;0,03361344537815126
HAC;2019;6;2;346;0,005780346820809248
HAC;2019;7;14;320;0,04375
HAC;2019;8;17;325;0,052307692307692305
HAC;2019;9;32;286;0,11188811188811189
HAC;2019;10;21;318;0,0660377358490566
HAC;2019;11;17;310;0,054838709677419356
HAC;2019;12;9;313;0,02875399361022364
HAC;2020;1;9;275;0,03272727272727273
HAC;2020;2;23;269;0,08550185873605948
HAC;2020;3;39;297;0,13131313131313133
HAC;2020;4;41;243;0,16872427983539096
HAC;2020;5;22;238;0,09243697478991597
HAC;2020;6;13;242;0,05371900826446281
HAC;2020;7;21;252;0,08333333333333333
HAC;2020;8;15;279;0,053763440860215055
HAC;2020;9;13;254;0,051181102362204724
HAC;2020;10;17;277;0,061371841155234655
HAC;2020;11;12;267;0,0449438202247191
HAC;2020;12;24;274;0,08759124087591241
HAC;2021;1;17;241;0,07053941908713693
HAC;2021;2;26;222;0,11711711711711711
HAC;2021;3;25;276;0,09057971014492754
HAC;2021;4;33;254;0,12992125984251968
HAC;2021;5;13;251;0,05179282868525897
HAC;2021;6;30;266;0,11278195488721804
HAC;2021;7;19;254;0,07480314960629922
HAC;2021;8;24;262;0,0916030534351145
HAC;2021;9;18;268;0,06716417910447761
HAC;2021;10;8;270;0,02962962962962963
HAC;2021;11;16;227;0,07048458149779736
HAC;2021;12;14;242;0,05785123966942149
HAC;2022;1;12;203;0,059113300492610835
HAC;2022;2;15;181;0,08287292817679558
HAC;2022;3;10;198;0,050505050505050504
HAC;2022;4;22;208;0,10576923076923077
HAC;2022;5;17;251;0,06772908366533864
HAC;2022;6;11;258;0,04263565891472868
HAC;2022;7;15;244;0,06147540983606557
HAC;2022;8;7;252;0,027777777777777776
HAC;2022;9;6;199;0,03015075376884422
HAC;2022;10;7;239;0,029288702928870293
HAC;2022;11;6;193;0,031088082901554404
HAC;2022;12;16;248;0,06451612903225806
HAC;2023;1;4;203;0,019704433497536946
HAC;2023;2;2;224;0,008928571428571428
HAC;2023;3;10;298;0,03355704697986577
HAC;2023;4;13;257;0,05058365758754864
HAC;2023;5;15;264;0,056818181818181816
HAC;2023;6;15;276;0,05434782608695652
HAC;2023;7;9;275;0,03272727272727273
HAC;2023;8;13;276;0,04710144927536232
HAC;2023;9;12;287;0,041811846689895474
HAC;2023;10;16;277;0,05776173285198556
HAC;2023;11;16;235;0,06808510638297872
HAC;2023;12;16;264;0,06060606060606061
HAC;2024;1;25;263;0,09505703422053231
HAC;2024;2;3;282;0,010638297872340425
HAC;2024;3;24;307;0,0781758957654723
HAC;2024;4;16;327;0,04892966360856269
HAC;2024;5;18;311;0,05787781350482315
HAC;2024;6;26;280;0,09285714285714286
HAC;2024;7;33;290;0,11379310344827587
HAC;2024;8;14;325;0,043076923076923075
HAC;2024;9;16;293;0,05460750853242321
HAC;2024;10;16;323;0,04953560371517028
HAC;2024;11;27;328;0,08231707317073171
HAC;2024;12;22;295;0,07457627118644068
HAC;2025;1;22;318;0,06918238993710692
HAC;2025;2;16;273;0,05860805860805861
HAC;2025;3;18;322;0,055900621118012424
HAC;2025;4;12;327;0,03669724770642202
HAC;2025;5;23;328;0,0701219512195122
HAC;2025;6;18;306;0,058823529411764705
HAC;2025;7;20;327;0,06116207951070336
HAC;2025;8;16;305;0,05245901639344262
HAC;2025;9;17;312;0,05448717948717949
HAC;2025;10;19;324;0,05864197530864197
HAC;2025;11;16;326;0,049079754601226995
HAC;2025;12;13;299;0,043478260869565216
HAC;2026;1;23;289;0,07958477508650519
HAC;2026;2;31;271;0,11439114391143912
HAC;2026;3;23;313;0,07348242811501597
HAC;2026;4;26;224;0,11607142857142858
HAC;2026;5;121;319;0,3793103448275862
HAC;2026;6;92;330;0,2787878787878788
HEM;2019;11;18;67;0,26865671641791045
HEM;2020;1;34;115;0,2956521739130435
HEM;2020;2;29;104;0,27884615384615385
HEM;2020;3;37;135;0,2740740740740741
HEM;2020;4;15;174;0,08620689655172414
HEM;2020;5;27;206;0,13106796116504854
HEM;2020;6;39;180;0,21666666666666667
HEM;2020;7;29;257;0,11284046692607004
HEM;2020;8;13;173;0,07514450867052024
HEM;2020;9;17;143;0,11888111888111888
HEM;2020;10;5;153;0,032679738562091505
HEM;2020;11;16;150;0,10666666666666667
HEM;2020;12;3;233;0,012875536480686695
HEM;2021;1;10;206;0,04854368932038835
HEM;2021;2;14;148;0,0945945945945946
HEM;2021;3;26;304;0,08552631578947369
HEM;2021;4;25;265;0,09433962264150944
HEM;2021;5;30;241;0,12448132780082988
HEM;2021;6;30;189;0,15873015873015872
HEM;2021;7;34;194;0,17525773195876287
HEM;2021;8;30;167;0,17964071856287425
HEM;2021;9;18;134;0,13432835820895522
HEM;2021;10;17;149;0,11409395973154363
HEM;2021;11;20;169;0,11834319526627218
HEM;2021;12;15;164;0,09146341463414634
HEM;2022;1;20;205;0,0975609756097561
HEM;2022;2;38;138;0,2753623188405797
HEM;2022;3;23;119;0,19327731092436976
HEM;2022;4;9;121;0,0743801652892562
HEM;2022;5;19;145;0,1310344827586207
HEM;2022;6;27;174;0,15517241379310345
HEM;2022;7;22;162;0,13580246913580246
HEM;2022;8;14;149;0,09395973154362416
HEM;2022;9;17;185;0,0918918918918919
HEM;2022;10;22;161;0,13664596273291926
HEM;2022;11;38;176;0,2159090909090909
HEM;2022;12;40;198;0,20202020202020202
HEM;2023;1;32;160;0,2
HEM;2023;2;23;152;0,1513157894736842
HEM;2023;3;30;162;0,18518518518518517
HEM;2023;4;12;149;0,08053691275167785
HEM;2023;5;38;145;0,2620689655172414
HEM;2023;6;36;162;0,2222222222222222
HEM;2023;7;26;131;0,1984732824427481
HEM;2023;8;36;179;0,2011173184357542
HEM;2023;9;25;133;0,18796992481203006
HEM;2023;10;25;123;0,2032520325203252
HEM;2023;11;24;131;0,183206106870229
HEM;2023;12;17;134;0,12686567164179105
HEM;2024;1;27;248;0,10887096774193548
HEM;2024;2;25;376;0,06648936170212766
HEM;2024;3;26;418;0,06220095693779904
HEM;2024;4;24;374;0,06417112299465241
HEM;2024;5;25;256;0,09765625
HEM;2024;6;31;164;0,18902439024390244
HEM;2024;7;56;158;0,35443037974683544
HEM;2024;8;33;136;0,2426470588235294
HEM;2024;9;32;156;0,20512820512820512
HEM;2024;10;31;144;0,2152777777777778
HEM;2024;11;40;148;0,2702702702702703
HEM;2024;12;32;143;0,22377622377622378
HEM;2025;1;32;142;0,22535211267605634
HEM;2025;2;33;132;0,25
HEM;2025;3;33;158;0,2088607594936709
HEM;2025;4;40;171;0,23391812865497075
HEM;2025;5;31;178;0,17415730337078653
HEM;2025;6;39;155;0,25161290322580643
HEM;2025;7;42;184;0,22826086956521738
HEM;2025;8;23;165;0,1393939393939394
HEM;2025;9;32;184;0,17391304347826086
HEM;2025;10;36;193;0,18652849740932642
HEM;2025;11;28;154;0,18181818181818182
HEM;2025;12;42;171;0,24561403508771928
HEM;2026;1;59;154;0,38311688311688313
HEM;2026;2;37;141;0,2624113475177305
HEM;2026;3;33;178;0,1853932584269663
HEM;2026;4;10;135;0,07407407407407407
HEM;2026;5;35;191;0,18324607329842932
HEM;2026;6;40;176;0,22727272727272727
HIJPII;2019;5;12;213;0,056338028169014086
HIJPII;2019;6;2;123;0,016260162601626018
HIJPII;2019;10;3;26;0,11538461538461539
HIJPII;2020;1;9;288;0,03125
HIJPII;2020;2;13;319;0,04075235109717868
HIJPII;2020;4;6;71;0,08450704225352113
HIJPII;2020;6;1;260;0,0038461538461538464
HIJPII;2020;7;44;368;0,11956521739130435
HIJPII;2020;8;25;309;0,08090614886731391
HIJPII;2020;9;41;282;0,1453900709219858
HIJPII;2020;10;60;292;0,2054794520547945
HIJPII;2020;11;70;344;0,20348837209302326
HIJPII;2020;12;30;168;0,17857142857142858
HIJPII;2021;1;94;320;0,29375
HIJPII;2021;2;95;327;0,290519877675841
HIJPII;2021;3;59;308;0,19155844155844157
HIJPII;2021;5;29;237;0,12236286919831224
HIJPII;2021;6;22;116;0,1896551724137931
HIJPII;2021;7;44;327;0,1345565749235474
HIJPII;2021;8;41;309;0,13268608414239483
HIJPII;2021;9;41;341;0,12023460410557185
HIJPII;2021;10;52;363;0,14325068870523416
HIJPII;2021;11;33;366;0,09016393442622951
HIJPII;2021;12;38;436;0,0871559633027523
HIJPII;2022;1;53;361;0,14681440443213298
HIJPII;2022;2;13;107;0,12149532710280374
HIJPII;2022;3;48;327;0,14678899082568808
HIJPII;2022;4;27;269;0,10037174721189591
HIJPII;2022;5;55;404;0,13613861386138615
HIJPII;2022;6;22;387;0,056847545219638244
HIJPII;2022;7;44;378;0,1164021164021164
HIJPII;2022;8;31;319;0,09717868338557993
HIJPII;2022;9;22;365;0,06027397260273973
HIJPII;2022;10;3;261;0,011494252873563218
HIJPII;2022;11;36;417;0,08633093525179857
HIJPII;2022;12;30;344;0,0872093023255814
HIJPII;2023;1;45;306;0,14705882352941177
HIJPII;2023;2;26;419;0,06205250596658711
HIJPII;2023;3;81;503;0,1610337972166998
HIJPII;2023;4;37;261;0,1417624521072797
HIJPII;2023;5;65;458;0,14192139737991266
HIJPII;2023;6;66;399;0,16541353383458646
HIJPII;2023;7;93;451;0,20620842572062084
HIJPII;2023;8;75;374;0,20053475935828877
HIJPII;2023;9;56;390;0,14358974358974358
HIJPII;2023;10;67;352;0,1903409090909091
HIJPII;2023;11;63;323;0,19504643962848298
HIJPII;2023;12;75;321;0,2336448598130841
HIJPII;2024;1;77;316;0,24367088607594936
HIJPII;2024;2;75;408;0,18382352941176472
HIJPII;2024;3;105;607;0,17298187808896212
HIJPII;2024;4;101;614;0,16449511400651465
HIJPII;2024;5;93;498;0,18674698795180722
HIJPII;2024;6;83;401;0,20698254364089774
HIJPII;2024;7;97;389;0,2493573264781491
HIJPII;2024;8;86;350;0,24571428571428572
HIJPII;2024;9;95;390;0,24358974358974358
HIJPII;2024;10;64;383;0,1671018276762402
HIJPII;2024;11;69;352;0,19602272727272727
HIJPII;2024;12;94;407;0,23095823095823095
HIJPII;2025;1;93;345;0,26956521739130435
HIJPII;2025;2;67;346;0,1936416184971098
HIJPII;2025;3;75;444;0,16891891891891891
HIJPII;2025;4;29;286;0,10139860139860139
HIJPII;2025;5;105;540;0,19444444444444445
HIJPII;2025;6;45;456;0,09868421052631579
HIJPII;2025;7;64;379;0,16886543535620052
HIJPII;2025;8;69;315;0,21904761904761905
HIJPII;2025;9;59;301;0,19601328903654486
HIJPII;2025;10;57;327;0,1743119266055046
HIJPII;2025;11;70;332;0,21084337349397592
HIJPII;2025;12;83;340;0,24411764705882352
HIJPII;2026;1;42;290;0,14482758620689656
HIJPII;2026;2;36;245;0,1469387755102041
HIJPII;2026;3;10;97;0,10309278350515463
HIJPII;2026;4;29;383;0,07571801566579635
HIJPII;2026;5;69;495;0,1393939393939394
HIJPII;2026;6;128;489;0,261758691206544
HJK;2019;9;7;94;0,07446808510638298
HJK;2019;11;6;8;0,75
HJK;2019;12;56;105;0,5333333333333333
HJK;2020;1;130;925;0,14054054054054055
HJK;2020;2;25;698;0,03581661891117478
HJK;2020;3;39;873;0,044673539518900345
HJK;2020;4;57;693;0,08225108225108226
HJK;2020;5;65;735;0,08843537414965986
HJK;2020;6;80;695;0,11510791366906475
HJK;2020;7;37;692;0,05346820809248555
HJK;2020;8;37;594;0,06228956228956229
HJK;2020;9;84;662;0,1268882175226586
HJK;2020;10;102;680;0,15
HJK;2020;11;75;648;0,11574074074074074
HJK;2020;12;58;703;0,08250355618776671
HJK;2021;1;90;648;0,1388888888888889
HJK;2021;2;85;622;0,13665594855305466
HJK;2021;3;68;823;0,08262454434993925
HJK;2021;4;35;659;0,05311077389984825
HJK;2021;5;47;635;0,07401574803149606
HJK;2021;6;38;661;0,057488653555219364
HJK;2021;7;12;747;0,01606425702811245
HJK;2021;8;16;706;0,0226628895184136
HJK;2021;9;10;548;0,01824817518248175
HJK;2021;10;17;679;0,025036818851251842
HJK;2021;11;8;645;0,012403100775193798
HJK;2021;12;38;711;0,053445850914205346
HJK;2022;1;60;704;0,08522727272727272
HJK;2022;2;52;562;0,09252669039145907
HJK;2022;3;57;663;0,08597285067873303
HJK;2022;4;64;657;0,0974124809741248
HJK;2022;5;77;674;0,1142433234421365
HJK;2022;6;84;638;0,13166144200626959
HJK;2022;7;71;665;0,10676691729323308
HJK;2022;8;67;750;0,08933333333333333
HJK;2022;9;73;799;0,09136420525657071
HJK;2022;10;51;783;0,06513409961685823
HJK;2022;11;57;703;0,08108108108108109
HJK;2022;12;67;770;0,08701298701298701
HJK;2023;1;34;715;0,04755244755244755
HJK;2023;2;76;736;0,10326086956521739
HJK;2023;3;78;852;0,09154929577464789
HJK;2023;4;81;782;0,10358056265984655
HJK;2023;5;89;877;0,10148232611174458
HJK;2023;6;75;818;0,09168704156479218
HJK;2023;7;90;846;0,10638297872340426
HJK;2023;8;64;662;0,09667673716012085
HJK;2023;9;105;829;0,12665862484921592
HJK;2023;10;77;682;0,11290322580645161
HJK;2023;11;98;896;0,109375
HJK;2023;12;97;934;0,10385438972162742
HJK;2024;1;102;930;0,10967741935483871
HJK;2024;2;85;1044;0,08141762452107279
HJK;2024;3;99;1265;0,0782608695652174
HJK;2024;4;101;1180;0,08559322033898305
HJK;2024;5;105;1238;0,08481421647819062
HJK;2024;6;80;1129;0,070859167404783
HJK;2024;7;91;1128;0,08067375886524823
HJK;2024;8;98;1128;0,08687943262411348
HJK;2024;9;121;1059;0,11425873465533522
HJK;2024;10;108;1146;0,09424083769633508
HJK;2024;11;80;1075;0,07441860465116279
HJK;2024;12;94;1129;0,08325952170062002
HJK;2025;1;110;1152;0,0954861111111111
HJK;2025;2;155;1063;0,1458137347130762
HJK;2025;3;128;1192;0,10738255033557047
HJK;2025;4;108;1143;0,09448818897637795
HJK;2025;5;135;1098;0,12295081967213115
HJK;2025;6;82;1009;0,08126858275520317
HJK;2025;7;194;1186;0,163575042158516
HJK;2025;8;110;1112;0,09892086330935251
HJK;2025;9;143;1156;0,12370242214532871
HJK;2025;10;122;1106;0,11030741410488246
HJK;2025;11;92;1053;0,08736942070275404
HJK;2025;12;155;1195;0,1297071129707113
HJK;2026;1;290;1167;0,24850042844901457
HJK;2026;2;247;1137;0,21723834652594548
HJK;2026;3;110;626;0,1757188498402556
HJK;2026;4;235;1127;0,2085181898846495
HJK;2026;5;243;1227;0,1980440097799511
HJK;2026;6;259;1175;0,2204255319148936
HJXXIII;2020;4;3;161;0,018633540372670808
HJXXIII;2020;5;23;429;0,053613053613053616
HJXXIII;2020;6;81;736;0,11005434782608696
HJXXIII;2020;7;169;947;0,17845828933474128
HJXXIII;2020;8;128;757;0,1690885072655218
HJXXIII;2020;9;170;951;0,17875920084121977
HJXXIII;2020;10;181;1005;0,18009950248756218
HJXXIII;2020;11;137;924;0,14826839826839827
HJXXIII;2020;12;44;331;0,13293051359516617
HJXXIII;2021;1;52;578;0,08996539792387544
HJXXIII;2021;2;7;93;0,07526881720430108
HJXXIII;2021;3;43;652;0,06595092024539877
HJXXIII;2021;4;9;351;0,02564102564102564
HJXXIII;2021;5;39;708;0,05508474576271186
HJXXIII;2021;6;23;613;0,037520391517128875
HJXXIII;2021;7;83;952;0,08718487394957983
HJXXIII;2021;8;70;862;0,08120649651972157
HJXXIII;2021;9;56;903;0,06201550387596899
HJXXIII;2021;10;54;949;0,05690200210748156
HJXXIII;2021;11;59;912;0,06469298245614036
HJXXIII;2021;12;39;943;0,041357370095440084
HJXXIII;2022;1;45;934;0,048179871520342615
HJXXIII;2022;2;15;351;0,042735042735042736
HJXXIII;2022;3;27;939;0,02875399361022364
HJXXIII;2022;4;16;451;0,03547671840354767
HJXXIII;2022;5;30;869;0,03452243958573072
HJXXIII;2022;6;17;837;0,02031063321385902
HJXXIII;2022;7;34;958;0,03549060542797495
HJXXIII;2022;8;29;826;0,035108958837772396
HJXXIII;2022;9;17;906;0,018763796909492272
HJXXIII;2022;10;24;714;0,03361344537815126
HJXXIII;2022;11;45;875;0,05142857142857143
HJXXIII;2022;12;40;777;0,05148005148005148
HJXXIII;2023;1;42;901;0,04661487236403995
HJXXIII;2023;2;46;837;0,054958183990442055
HJXXIII;2023;3;41;892;0,04596412556053812
HJXXIII;2023;4;47;841;0,0558858501783591
HJXXIII;2023;5;44;1005;0,04378109452736319
HJXXIII;2023;6;92;937;0,09818569903948772
HJXXIII;2023;7;108;992;0,10887096774193548
HJXXIII;2023;8;94;978;0,09611451942740286
HJXXIII;2023;9;105;960;0,109375
HJXXIII;2023;10;157;1041;0,15081652257444764
HJXXIII;2023;11;109;978;0,1114519427402863
HJXXIII;2023;12;134;999;0,13413413413413414
HJXXIII;2024;1;120;922;0,1301518438177874
HJXXIII;2024;2;128;913;0,140197152245345
HJXXIII;2024;3;148;1111;0,1332133213321332
HJXXIII;2024;4;152;1070;0,14205607476635515
HJXXIII;2024;5;119;1115;0,10672645739910314
HJXXIII;2024;6;111;988;0,11234817813765183
HJXXIII;2024;7;102;1073;0,09506057781919851
HJXXIII;2024;8;106;988;0,10728744939271255
HJXXIII;2024;9;114;977;0,11668372569089049
HJXXIII;2024;10;98;1010;0,09702970297029703
HJXXIII;2024;11;80;953;0,08394543546694648
HJXXIII;2024;12;81;1045;0,07751196172248803
HJXXIII;2025;1;105;1155;0,09090909090909091
HJXXIII;2025;2;99;990;0,1
HJXXIII;2025;3;76;1095;0,06940639269406393
HJXXIII;2025;4;42;670;0,0626865671641791
HJXXIII;2025;5;51;1135;0,044933920704845816
HJXXIII;2025;6;71;1103;0,0643699002719855
HJXXIII;2025;7;82;1084;0,07564575645756458
HJXXIII;2025;8;82;1141;0,07186678352322524
HJXXIII;2025;9;68;1074;0,0633147113594041
HJXXIII;2025;10;81;1198;0,0676126878130217
HJXXIII;2025;11;78;977;0,07983623336745138
HJXXIII;2025;12;83;1119;0,0741733690795353
HJXXIII;2026;1;97;1027;0,09444985394352483
HJXXIII;2026;2;67;937;0,07150480256136606
HJXXIII;2026;3;23;372;0,06182795698924731
HJXXIII;2026;4;72;942;0,07643312101910828
HJXXIII;2026;5;147;1245;0,1180722891566265
HJXXIII;2026;6;135;1279;0,1055512118842846
HRAD;2019;5;4;123;0,032520325203252036
HRAD;2019;7;9;601;0,014975041597337771
HRAD;2019;8;8;570;0,014035087719298246
HRAD;2019;9;2;531;0,003766478342749529
HRAD;2019;10;13;521;0,02495201535508637
HRAD;2019;11;18;531;0,03389830508474576
HRAD;2019;12;11;600;0,018333333333333333
HRAD;2020;1;24;618;0,038834951456310676
HRAD;2020;2;26;624;0,041666666666666664
HRAD;2020;3;19;649;0,029275808936825885
HRAD;2020;4;20;606;0,033003300330033
HRAD;2020;5;22;664;0,03313253012048193
HRAD;2020;6;21;540;0,03888888888888889
HRAD;2020;7;38;527;0,07210626185958255
HRAD;2020;8;28;528;0,05303030303030303
HRAD;2020;9;30;556;0,0539568345323741
HRAD;2020;10;22;535;0,041121495327102804
HRAD;2020;11;22;517;0,0425531914893617
HRAD;2020;12;29;496;0,05846774193548387
HRAD;2021;1;31;555;0,055855855855855854
HRAD;2021;2;16;577;0,02772963604852686
HRAD;2021;3;23;606;0,037953795379537955
HRAD;2021;4;23;651;0,03533026113671275
HRAD;2021;5;23;585;0,039316239316239315
HRAD;2021;6;28;590;0,04745762711864407
HRAD;2021;7;28;687;0,040756914119359534
HRAD;2021;8;35;615;0,056910569105691054
HRAD;2021;9;19;631;0,030110935023771792
HRAD;2021;10;40;581;0,06884681583476764
HRAD;2021;11;42;615;0,06829268292682927
HRAD;2021;12;53;621;0,0853462157809984
HRAD;2022;1;40;577;0,06932409012131716
HRAD;2022;2;59;590;0,1
HRAD;2022;3;65;674;0,09643916913946587
HRAD;2022;4;65;665;0,09774436090225563
HRAD;2022;5;68;659;0,10318664643399089
HRAD;2022;6;42;629;0,06677265500794913
HRAD;2022;7;56;570;0,09824561403508772
HRAD;2022;8;65;642;0,10124610591900311
HRAD;2022;9;58;556;0,10431654676258993
HRAD;2022;10;40;557;0,0718132854578097
HRAD;2022;11;39;624;0,0625
HRAD;2022;12;50;634;0,07886435331230283
HRAD;2023;1;30;688;0,0436046511627907
HRAD;2023;2;29;598;0,048494983277591976
HRAD;2023;3;23;702;0,03276353276353276
HRAD;2023;4;12;673;0,017830609212481426
HRAD;2023;5;24;680;0,03529411764705882
HRAD;2023;6;28;711;0,03938115330520394
HRAD;2023;7;31;644;0,04813664596273292
HRAD;2023;8;35;595;0,058823529411764705
HRAD;2023;9;28;732;0,03825136612021858
HRAD;2023;10;23;712;0,032303370786516857
HRAD;2023;11;16;653;0,02450229709035222
HRAD;2023;12;24;747;0,0321285140562249
HRAD;2024;1;31;712;0,04353932584269663
HRAD;2024;2;18;631;0,028526148969889066
HRAD;2024;3;24;724;0,03314917127071823
HRAD;2024;4;9;675;0,013333333333333334
HRAD;2024;5;23;702;0,03276353276353276
HRAD;2024;6;41;683;0,060029282576866766
HRAD;2024;7;125;692;0,18063583815028902
HRAD;2024;8;136;739;0,18403247631935046
HRAD;2024;9;135;725;0,18620689655172415
HRAD;2024;10;89;760;0,11710526315789474
HRAD;2024;11;104;734;0,14168937329700274
HRAD;2024;12;81;781;0,10371318822023047
HRAD;2025;1;80;742;0,1078167115902965
HRAD;2025;2;87;689;0,1262699564586357
HRAD;2025;3;113;759;0,14888010540184454
HRAD;2025;4;83;755;0,10993377483443709
HRAD;2025;5;103;708;0,14548022598870056
HRAD;2025;6;110;741;0,1484480431848853
HRAD;2025;7;152;777;0,1956241956241956
HRAD;2025;8;201;738;0,27235772357723576
HRAD;2025;9;233;842;0,27672209026128264
HRAD;2025;10;242;787;0,30749682337992373
HRAD;2025;11;220;806;0,2729528535980149
HRAD;2025;12;160;768;0,20833333333333334
HRAD;2026;1;182;833;0,2184873949579832
HRAD;2026;2;151;730;0,20684931506849316
HRAD;2026;3;205;804;0,25497512437810943
HRAD;2026;4;182;813;0,22386223862238622
HRAD;2026;5;164;815;0,20122699386503068
HRAD;2026;6;183;689;0,2656023222060958
HRBJA;2019;6;18;148;0,12162162162162163
HRBJA;2019;9;12;94;0,1276595744680851
HRBJA;2019;10;1;110;0,00909090909090909
HRBJA;2020;1;5;51;0,09803921568627451
HRBJA;2020;2;1;44;0,022727272727272728
HRBJA;2020;5;1;1;1,0
HRBJA;2020;6;27;183;0,14754098360655737
HRBJA;2020;7;12;221;0,05429864253393665
HRBJA;2020;8;10;212;0,04716981132075472
HRBJA;2020;9;14;199;0,07035175879396985
HRBJA;2020;10;25;186;0,13440860215053763
HRBJA;2020;11;14;165;0,08484848484848485
HRBJA;2020;12;26;173;0,15028901734104047
HRBJA;2021;1;14;158;0,08860759493670886
HRBJA;2021;2;13;154;0,08441558441558442
HRBJA;2021;3;25;181;0,13812154696132597
HRBJA;2021;4;27;199;0,135678391959799
HRBJA;2021;5;22;196;0,11224489795918367
HRBJA;2021;6;22;198;0,1111111111111111
HRBJA;2021;7;19;207;0,09178743961352658
HRBJA;2021;8;14;194;0,07216494845360824
HRBJA;2021;9;14;178;0,07865168539325842
HRBJA;2021;10;56;190;0,29473684210526313
HRBJA;2021;11;25;222;0,11261261261261261
HRBJA;2021;12;19;194;0,0979381443298969
HRBJA;2022;1;32;397;0,08060453400503778
HRBJA;2022;2;17;153;0,1111111111111111
HRBJA;2022;3;18;194;0,09278350515463918
HRBJA;2022;4;23;164;0,1402439024390244
HRBJA;2022;5;15;185;0,08108108108108109
HRBJA;2022;6;16;164;0,0975609756097561
HRBJA;2022;7;29;221;0,13122171945701358
HRBJA;2022;8;18;209;0,0861244019138756
HRBJA;2022;9;24;201;0,11940298507462686
HRBJA;2022;10;9;184;0,04891304347826087
HRBJA;2022;11;22;163;0,13496932515337423
HRBJA;2022;12;16;199;0,08040201005025126
HRBJA;2023;1;14;192;0,07291666666666667
HRBJA;2023;2;12;164;0,07317073170731707
HRBJA;2023;3;22;170;0,12941176470588237
HRBJA;2023;4;17;203;0,08374384236453201
HRBJA;2023;5;17;182;0,09340659340659341
HRBJA;2023;6;15;208;0,07211538461538461
HRBJA;2023;7;16;185;0,08648648648648649
HRBJA;2023;8;15;202;0,07425742574257425
HRBJA;2023;9;17;202;0,08415841584158416
HRBJA;2023;10;15;178;0,08426966292134831
HRBJA;2023;11;21;228;0,09210526315789473
HRBJA;2023;12;16;226;0,07079646017699115
HRBJA;2024;1;15;252;0,05952380952380952
HRBJA;2024;2;23;205;0,11219512195121951
HRBJA;2024;3;18;212;0,08490566037735849
HRBJA;2024;4;12;211;0,05687203791469194
HRBJA;2024;5;19;223;0,08520179372197309
HRBJA;2024;6;20;182;0,10989010989010989
HRBJA;2024;7;22;190;0,11578947368421053
HRBJA;2024;8;33;215;0,15348837209302327
HRBJA;2024;9;13;191;0,06806282722513089
HRBJA;2024;10;12;191;0,06282722513089005
HRBJA;2024;11;13;232;0,05603448275862069
HRBJA;2024;12;19;273;0,0695970695970696
HRBJA;2025;1;20;291;0,06872852233676977
HRBJA;2025;2;21;243;0,08641975308641975
HRBJA;2025;3;21;272;0,07720588235294118
HRBJA;2025;4;21;267;0,07865168539325842
HRBJA;2025;5;26;284;0,09154929577464789
HRBJA;2025;6;21;272;0,07720588235294118
HRBJA;2025;7;30;292;0,10273972602739725
HRBJA;2025;8;26;274;0,0948905109489051
HRBJA;2025;9;31;248;0,125
HRBJA;2025;10;34;242;0,14049586776859505
HRBJA;2025;11;32;249;0,1285140562248996
HRBJA;2025;12;43;260;0,16538461538461538
HRBJA;2026;1;72;279;0,25806451612903225
HRBJA;2026;2;72;308;0,23376623376623376
HRBJA;2026;3;22;268;0,08208955223880597
HRBJA;2026;4;43;228;0,18859649122807018
HRBJA;2026;5;48;297;0,16161616161616163
HRBJA;2026;6;61;308;0,19805194805194806
HRJP;2019;6;1;9;0,1111111111111111
HRJP;2019;7;1;61;0,01639344262295082
HRJP;2019;8;1;33;0,030303030303030304
HRJP;2019;9;10;374;0,026737967914438502
HRJP;2019;12;1;8;0,125
HRJP;2020;1;27;421;0,06413301662707839
HRJP;2020;2;5;131;0,03816793893129771
HRJP;2020;3;4;60;0,06666666666666667
HRJP;2020;4;30;156;0,19230769230769232
HRJP;2020;5;30;140;0,21428571428571427
HRJP;2020;6;34;322;0,10559006211180125
HRJP;2020;7;33;382;0,08638743455497382
HRJP;2020;8;24;374;0,06417112299465241
HRJP;2020;9;43;366;0,11748633879781421
HRJP;2020;10;25;327;0,0764525993883792
HRJP;2020;11;27;408;0,0661764705882353
HRJP;2020;12;31;304;0,10197368421052631
HRJP;2021;1;33;382;0,08638743455497382
HRJP;2021;2;16;277;0,05776173285198556
HRJP;2021;3;29;440;0,0659090909090909
HRJP;2021;4;21;435;0,04827586206896552
HRJP;2021;5;23;373;0,06166219839142091
HRJP;2021;6;36;343;0,10495626822157435
HRJP;2021;7;33;342;0,09649122807017543
HRJP;2021;8;27;365;0,07397260273972603
HRJP;2021;9;28;338;0,08284023668639054
HRJP;2021;10;15;292;0,05136986301369863
HRJP;2021;11;16;334;0,04790419161676647
HRJP;2021;12;25;198;0,12626262626262627
HRJP;2022;1;55;401;0,1371571072319202
HRJP;2022;2;41;369;0,1111111111111111
HRJP;2022;3;50;380;0,13157894736842105
HRJP;2022;4;45;376;0,1196808510638298
HRJP;2022;5;41;388;0,1056701030927835
HRJP;2022;6;35;314;0,11146496815286625
HRJP;2022;7;37;341;0,10850439882697947
HRJP;2022;8;45;408;0,11029411764705882
HRJP;2022;9;51;420;0,12142857142857143
HRJP;2022;10;40;383;0,10443864229765012
HRJP;2022;11;41;384;0,10677083333333333
HRJP;2022;12;36;328;0,10975609756097561
HRJP;2023;1;32;348;0,09195402298850575
HRJP;2023;2;37;370;0,1
HRJP;2023;3;41;410;0,1
HRJP;2023;4;43;393;0,10941475826972011
HRJP;2023;5;40;437;0,09153318077803203
HRJP;2023;6;34;393;0,08651399491094147
HRJP;2023;7;35;338;0,10355029585798817
HRJP;2023;8;40;443;0,09029345372460497
HRJP;2023;9;38;440;0,08636363636363636
HRJP;2023;10;41;445;0,09213483146067415
HRJP;2023;11;52;453;0,11479028697571744
HRJP;2023;12;38;429;0,08857808857808858
HRJP;2024;1;51;418;0,12200956937799043
HRJP;2024;2;47;427;0,11007025761124122
HRJP;2024;3;49;500;0,098
HRJP;2024;4;42;544;0,07720588235294118
HRJP;2024;5;49;528;0,0928030303030303
HRJP;2024;6;54;499;0,10821643286573146
HRJP;2024;7;58;463;0,12526997840172785
HRJP;2024;8;41;447;0,09172259507829977
HRJP;2024;9;45;499;0,09018036072144289
HRJP;2024;10;61;564;0,10815602836879433
HRJP;2024;11;46;463;0,09935205183585313
HRJP;2024;12;58;445;0,1303370786516854
HRJP;2025;1;40;432;0,09259259259259259
HRJP;2025;2;40;447;0,0894854586129754
HRJP;2025;3;66;576;0,11458333333333333
HRJP;2025;4;59;569;0,10369068541300527
HRJP;2025;5;66;611;0,10801963993453355
HRJP;2025;6;58;547;0,10603290676416818
HRJP;2025;7;61;564;0,10815602836879433
HRJP;2025;8;71;543;0,13075506445672191
HRJP;2025;9;44;531;0,08286252354048965
HRJP;2025;10;61;568;0,1073943661971831
HRJP;2025;11;61;521;0,11708253358925144
HRJP;2025;12;78;508;0,15354330708661418
HRJP;2026;1;141;456;0,3092105263157895
HRJP;2026;2;143;487;0,2936344969199179
HRJP;2026;3;62;268;0,23134328358208955
HRJP;2026;4;193;646;0,29876160990712075
HRJP;2026;5;190;593;0,32040472175379425
HRJP;2026;6;241;570;0,42280701754385963
MOV;2019;6;69;501;0,1377245508982036
MOV;2019;7;4;19;0,21052631578947367
MOV;2019;8;1;1;1,0
MOV;2019;9;37;550;0,06727272727272728
MOV;2019;10;6;389;0,015424164524421594
MOV;2019;11;10;693;0,01443001443001443
MOV;2019;12;8;692;0,011560693641618497
MOV;2020;1;10;646;0,015479876160990712
MOV;2020;6;1;23;0,043478260869565216
MOV;2020;7;29;686;0,04227405247813411
MOV;2020;8;12;563;0,021314387211367674
MOV;2020;9;21;588;0,03571428571428571
MOV;2020;10;10;540;0,018518518518518517
MOV;2020;11;19;628;0,030254777070063694
MOV;2020;12;4;501;0,007984031936127744
MOV;2021;1;19;628;0,030254777070063694
MOV;2021;2;11;627;0,017543859649122806
MOV;2021;3;14;682;0,020527859237536656
MOV;2021;4;25;682;0,036656891495601175
MOV;2021;5;36;713;0,05049088359046283
MOV;2021;6;88;679;0,12960235640648013
MOV;2021;7;87;681;0,1277533039647577
MOV;2021;8;145;752;0,19281914893617022
MOV;2021;9;129;672;0,19196428571428573
MOV;2021;10;132;601;0,21963394342762063
MOV;2021;11;144;657;0,2191780821917808
MOV;2021;12;227;648;0,35030864197530864
MOV;2022;1;153;586;0,26109215017064846
MOV;2022;2;167;581;0,2874354561101549
MOV;2022;3;199;678;0,2935103244837758
MOV;2022;4;210;589;0,3565365025466893
MOV;2022;5;229;686;0,3338192419825073
MOV;2022;6;198;667;0,29685157421289354
MOV;2022;7;169;687;0,24599708879184862
MOV;2022;8;159;619;0,2568659127625202
MOV;2022;9;156;618;0,2524271844660194
MOV;2022;10;158;594;0,265993265993266
MOV;2022;11;169;618;0,27346278317152106
MOV;2022;12;164;678;0,24188790560471976
MOV;2023;1;168;648;0,25925925925925924
MOV;2023;2;170;622;0,2733118971061093
MOV;2023;3;239;756;0,31613756613756616
MOV;2023;4;204;658;0,3100303951367781
MOV;2023;5;250;669;0,37369207772795215
MOV;2023;6;216;728;0,2967032967032967
MOV;2023;7;221;689;0,32075471698113206
MOV;2023;8;255;705;0,3617021276595745
MOV;2023;9;225;672;0,33482142857142855
MOV;2023;10;257;737;0,3487109905020353
MOV;2023;11;222;711;0,31223628691983124
MOV;2023;12;209;747;0,2797858099062918
MOV;2024;1;196;677;0,2895125553914328
MOV;2024;2;193;721;0,26768377253814146
MOV;2024;3;260;823;0,3159173754556501
MOV;2024;4;205;743;0,2759084791386272
MOV;2024;5;189;767;0,24641460234680573
MOV;2024;6;178;672;0,2648809523809524
MOV;2024;7;164;698;0,2349570200573066
MOV;2024;8;178;686;0,2594752186588921
MOV;2024;9;212;761;0,278580814717477
MOV;2024;10;220;655;0,33587786259541985
MOV;2024;11;167;616;0,2711038961038961
MOV;2024;12;157;648;0,24228395061728394
MOV;2025;1;213;694;0,3069164265129683
MOV;2025;2;222;654;0,3394495412844037
MOV;2025;3;232;800;0,29
MOV;2025;4;204;778;0,2622107969151671
MOV;2025;5;179;828;0,21618357487922704
MOV;2025;6;170;756;0,22486772486772486
MOV;2025;7;185;682;0,27126099706744866
MOV;2025;8;143;655;0,2183206106870229
MOV;2025;9;165;709;0,23272214386459802
MOV;2025;10;185;712;0,2598314606741573
MOV;2025;11;171;698;0,24498567335243554
MOV;2025;12;206;708;0,2909604519774011
MOV;2026;1;367;725;0,5062068965517241
MOV;2026;2;365;708;0,5155367231638418
MOV;2026;3;218;410;0,5317073170731708
MOV;2026;4;359;735;0,4884353741496599
MOV;2026;5;344;825;0,416969696969697
MOV;2026;6;407;747;0,5448460508701473
